Couche ; Neurone1 ; Neurone2 ; Neurone3 ; ...
W1 ; -0.70759,2.79876,-1.81187 ; -1.44394,-0.61066,-3.79356 ; -0.17917,-0.20157,-0.64254 ; 0.69671,-3.92005,1.54433
W2 ; 3.48302,2.48335,-4.82831,-3.1377 ; -0.08789,-3.39831,0.40512,-3.61941 ; 2.53942,1.51428,-3.86413,4.80401
WF ; -0.02261,-2.05401,2.19257 ; -3.4478,3.32391,-1.06219 ; 1.33183,3.55083,4.95792 ; 0.97844,1.54837,1.10246 ; -4.38398,0.89652,-0.68398
XP ; 66264000 ; 132474437