Couche ; Neurone1 ; Neurone2 ; Neurone3 ; ...
W1 ; -15481.011998697397,-969.8367586794286,1764.8959977785023 ; -175834.5553966253,2042.8364007620416,3199.931841139071 ; 92058108.48587288,82064.94578645512,947059.1546010616 ; -55612.73914488009,10865.114370854291,2318.7946742239433
W2 ; 0.13499541261749148,3.0651400597425864,-2050.752636469676,2.093062879539979 ; 0.19794820450209233,-0.8918323301537778,-376.35922781648355,-4.410738486453012 ; 1.5889946315955514,3.4328561563985924,-2.5973160427300526,0.5166581838157391
WF ; -2.7631733070657796,-3.7929903519408423,3.8582997481203942 ; -0.20461026801052587,0.7148175347887253,0.7009808672466702 ; -0.724511754249882,-1.4811516946605636,1.2604476018235218 ; 4.988628245750122,-2.8704216946605716,-6.137392398176417 ; -4.508611754249878,2.9387483053394288,1.306437601823521
XP ; 66363000 ; 199138924