Couche ; Neurone1 ; Neurone2 ; Neurone3 ; ...
W1 ; -3.64852,0.62397,-3.88912 ; 4.85167,1.09976,-0.19292 ; 1.60079,1.29368,-2.18086 ; -4.45594,-4.26705,1.54995
W2 ; 4.02042,0.58029,3.8577,-1.20545 ; 2.19639,2.83803,4.07244,0.01722 ; 0.30113,-2.04572,3.92518,-1.68345
WF ; 4.70435,-0.40019,1.96147 ; 0.0997,-1.97622,3.93375 ; -4.7002,-0.49781,0.36172 ; -3.59009,-0.39049,3.37969 ; 4.3929,-2.17961,-3.66149
XP ; 66264000 ; 264754549