Couche ; Neurone1 ; Neurone2 ; Neurone3 ; ...
W1 ; -1.6677700000000002,-3.8062600000000004,-2.51359 ; -0.07387,-0.2591,-4.868250000000001 ; -2.60612,-0.5407200000000001,1.6098100000000002 ; 3.4536300000000004,1.0770000000000002,-2.71692
W2 ; -3.3905300000000005,-0.21532,-1.3181900000000002,0.0565 ; 3.27267,0.9576500000000001,2.16611,4.7088 ; 3.0279200000000004,-3.66582,0.74375,-1.7385800000000002
WF ; -3.44768,-0.42528000000000005,2.18641 ; 2.2609500000000002,1.0257500000000002,4.84504 ; 3.7914300000000005,2.6664100000000004,-2.8099000000000003 ; 2.16655,3.8746000000000005,2.6845700000000003 ; -0.55923,-3.15098,3.22474
XP ; 67023000 ; 267350050