Couche ; Neurone1 ; Neurone2 ; Neurone3 ; ...
W1 ; 1152912230.7445085,17232074.525600392,9334658.794876559 ; 1053542008.745255,15738691.846214427,8518596.279231012 ; 1149586065.7227983,17196965.56296081,9312674.908307297 ; 1156452968.8913355,17310589.82997042,9385200.805701036
W2 ; -2705.6412251205024,-2583.7072645727562,-2706.3756013779953,-2715.307801946645 ; -1.5185304380397355,2.300679656068621,1.9000813797282272,-6.966897778164986 ; -6027.2789028226225,-5763.364226095372,-6016.584814099549,-6033.960195211176
WF ; -0.8288505454636982,4.2837759148486425,3.7484462480699343 ; 1.385440304562355,3.092058059013645,2.213901122675729 ; -3.639188572685582,0.7688116530494663,-3.9108507071398124 ; 3.0899714273144183,5.093561653049494,4.805849292860191 ; 2.7103014273144184,3.1088916530494513,-3.823020707139812
XP ; 66363000 ; 265070713