Couche ; Neurone1 ; Neurone2 ; Neurone3 ; ...
W1 ; 3.58065,-3.59591,-3.14503 ; 2.21386,-3.60169,4.50716 ; 0.20228,-4.85271,-3.20094 ; 2.6447,2.62454,3.96217
W2 ; -4.3751,2.28187,4.42316,-3.83342 ; -4.92927,-0.9851,4.66043,-4.29243 ; 4.11149,4.53025,0.9322,-1.8139
WF ; 2.88022,4.08249,-4.73528 ; -2.78155,-0.23512,-4.9295 ; 0.52038,3.72678,2.83128 ; -4.17799,1.1878,-4.44075 ; 4.01888,1.46224,-1.10572
XP ; 66264000 ; 198816697