Couche ; Neurone1 ; Neurone2 ; Neurone3 ; ...
W1 ; -0.68922,-1.8769500000000001,0.29437 ; -4.6013,1.7492800000000002,-0.26007 ; -3.97182,3.4385200000000005,-4.68071 ; -1.8649300000000002,-0.7560000000000001,-0.21448
W2 ; 0.6357600000000001,-4.229480000000001,0.80366,4.655530000000001 ; -3.58883,-0.7399800000000001,-4.46302,-1.1054300000000001 ; -4.9996100000000006,4.70146,4.83934,4.066450000000001
WF ; 3.94519,-3.7470900000000005,-2.1599600000000003 ; -2.2227,3.6395700000000004,4.236960000000001 ; -0.5809300000000001,-3.7676300000000005,-1.34769 ; 1.2774400000000001,-4.14379,-0.88982 ; -2.71905,0.85638,-3.12171
XP ; 67023000 ; 134757201