Couche ; Neurone1 ; Neurone2 ; Neurone3 ; ...
W1 ; 2.1891000000000003,-1.659,-4.09335 ; 2.9198100000000005,-3.8757800000000002,4.38313 ; 4.17222,-0.96667,-4.39911 ; -1.5075600000000002,-2.95744,3.1783500000000005
W2 ; -1.2021400000000002,0.17425000000000002,3.18393,1.34789 ; -2.38884,-4.31147,-0.93564,-1.7293200000000002 ; -0.06302,1.7797200000000002,4.5356000000000005,-0.36132000000000003
WF ; -0.033850000000000005,-0.34253,-1.43843 ; -4.757040000000001,4.85097,0.14385 ; 4.56102,-3.7848100000000002,-3.20887 ; -0.71304,-4.54717,-0.12658 ; 4.34042,4.6376,0.38053000000000003
XP ; 67023000 ; 201422390