Couche ; Neurone1 ; Neurone2 ; Neurone3 ; ...
W1 ; 2.37052,-4.61054,0.5895 ; -2.73153,0.89015,3.50973 ; -3.74156,1.73705,2.07404 ; -3.50237,-4.80321,0.5752
W2 ; 0.58272,1.0438,4.50902,-4.1969 ; 3.93998,3.6993,1.59642,1.28282 ; 4.05403,4.09372,-3.90784,-1.34836
WF ; 0.91616,3.78123,3.90866 ; 1.56385,1.19422,3.24083 ; 3.61266,2.73293,1.84847 ; 2.27797,0.3599,-4.07444 ; 3.19049,-4.42239,2.21277
XP ; 66264000 ; 264760077