Couche ; Neurone1 ; Neurone2 ; Neurone3 ; ...
W1 ; 194818983.23583868,16451278.511563413,4987878.237333055 ; 195079224.25113726,16449161.115684258,5000525.960373685 ; 194290771.08664986,16391495.853827922,4985490.384131266 ; -452196.0481560922,-10105.98723147009,-12441.203833024018
W2 ; -1525.776362200152,-1520.0986166405794,-1516.571250384023,-5.29266689162352 ; -1412.3722431719941,-1410.1995624705933,-1403.563917671579,3.0410948707213348 ; -4639.977659100799,-4640.859413541557,-4633.052941211703,3.162518723815543
WF ; -1.5760808701023339,4.067351559231037,-3.5075639284914564 ; -3.5713898384754073,-2.9974920781612804,-2.131430364026211 ; 3.0058719944393073,-1.0916372111565158,-0.14616215177586062 ; -3.312568005560693,2.3154027888434827,3.816717848224141 ; -4.2470880055606965,-3.053847211156518,-0.7856621517758607
XP ; 66363000 ; 132783738