Couche ; Neurone1 ; Neurone2 ; Neurone3 ; ...
W1 ; -3.70012,3.08705,0.86006 ; -1.60468,3.03525,2.23521 ; -1.08421,-4.94597,-1.56168 ; 2.56725,-3.88782,-3.35245
W2 ; 2.60973,3.06276,0.27276,3.53747 ; -3.00485,3.33221,0.76902,-2.9155 ; 1.37778,-0.93996,3.24341,3.00396
WF ; 3.66961,-3.30823,4.96881 ; -4.49464,-4.73033,3.5864 ; -4.33297,-4.63022,1.25683 ; -0.11156,-0.26667,-1.67284 ; -4.7383,2.99367,2.49291
XP ; 66264000 ; 264675217