Couche ; Neurone1 ; Neurone2 ; Neurone3 ; ...
W1 ; 190152997.35234421,5630546.235484048,2207762.2217535204 ; -198082.20260342272,-5094.307368599945,-4026.16176119634 ; -260083.70863021212,-1331.9437701975708,958.8812783242353 ; -194338.19149431583,-17.434807165704655,-270.64763218481846
W2 ; -2841.920799073108,3.1960200000000003,3.1419145729527314,3.11113 ; -2437.0876866070657,-0.06178000000000001,0.5157650187028067,-1.1110300000000002 ; -3.3511785233195606,2.25055,-2.161545056037126,-0.14264000000000002
WF ; -2.5783260278960665,-2.9427905293455514,7.799994383658367 ; 1.070781177627324,-4.001017847108712,3.884704760458158 ; 0.4363173103511594,-1.1142550260273425,1.9733117737336767 ; 1.8000073103511602,1.3790649739726577,5.2326517737337355 ; -2.243832689648838,-2.3642750260273515,4.775711773733741
XP ; 66363000 ; 265005607