Couche ; Neurone1 ; Neurone2 ; Neurone3 ; ...
W1 ; 3.0079200000000004,-3.01155,-2.35273 ; -2.58122,-1.7716200000000002,1.90823 ; 3.54497,2.0619300000000003,1.0513000000000001 ; -1.86983,1.71188,3.93122
W2 ; -1.1765,-2.04984,2.90572,-0.05399 ; -2.37215,2.04611,-4.26323,-3.5919800000000004 ; 0.80583,-0.0026300000000000004,-2.7420600000000004,1.6124900000000002
WF ; -0.50668,-4.885050000000001,1.9163500000000002 ; -2.16297,-3.6523000000000003,2.3315300000000003 ; -1.9669,-0.50641,-2.5384800000000003 ; 2.26059,-4.08671,-0.24591000000000002 ; -0.39501000000000003,1.5910300000000002,4.070810000000001
XP ; 67023000 ; 201470772