Couche ; Neurone1 ; Neurone2 ; Neurone3 ; ...
W1 ; 0.32483,-4.39759,3.9656300000000004 ; 1.0590700000000002,4.61001,2.8857600000000003 ; -1.1870200000000002,2.7663300000000004,-3.94437 ; -2.14895,-4.19305,-2.96573
W2 ; 1.27245,-4.745900000000001,-3.8302400000000003,-0.6768500000000001 ; -3.35876,3.6630000000000003,4.697570000000001,1.3903500000000002 ; -3.8850800000000003,0.37693000000000004,0.67637,-2.34003
WF ; -3.7371800000000004,-3.4803,1.7051800000000001 ; 0.24695000000000003,4.634270000000001,-2.9241200000000003 ; 4.27887,0.19597,-0.5473 ; -2.67673,-1.7105800000000002,0.9545600000000001 ; -0.89885,-3.0706700000000002,0.31348000000000004
XP ; 67023000 ; 266796375