Couche ; Neurone1 ; Neurone2 ; Neurone3 ; ...
W1 ; -416376.9946681932,-9881.91527690967,-5965.52287519095 ; -985233.3490838356,-68480.521592202,-18402.936460263416 ; -181226.5247699292,-12584.77752182212,-2863.712742834053 ; -1623910.9721402882,-85106.61879037165,-26704.592834458865
W2 ; -3.08727,1.765117691298282,2.970877763642723,2.3098500000000004 ; -4.87537,5.10438382209988,-0.3979149380254917,-4.3539 ; 4.02785,2.618134416956874,-2.1744440576696142,3.5692800000000005
WF ; -3.1370884137561648,4.730094648820669,-0.16106352379236133 ; 4.315813357841912,-1.7974354244889221,-2.273489110502596 ; 4.8405836526898876,-2.4663513569381172,-1.2859484963117678 ; 2.9078336526896673,-2.3890213569381173,5.136621503688015 ; 6.109983652689885,2.617488643061883,1.5975615036882316
XP ; 66363000 ; 199071326