Couche ; Neurone1 ; Neurone2 ; Neurone3 ; ...
W1 ; 1.9511200000000002,-1.4040100000000002,1.7609000000000001 ; 2.9370700000000003,-0.5303,-0.3138 ; 2.45568,1.32281,-2.01779 ; -3.2937900000000004,-4.63956,-0.5287700000000001
W2 ; -1.4174900000000001,2.4557300000000004,4.33328,-0.26924000000000003 ; -1.9849700000000001,-0.57769,4.3895,-1.46889 ; 4.92189,1.9770200000000002,-4.19813,2.03533
WF ; 3.6987300000000003,-3.4531400000000003,-3.2761500000000003 ; -4.696770000000001,2.8167700000000004,3.06449 ; -4.158040000000001,0.17448000000000002,-3.3136400000000004 ; -2.9760500000000003,-0.6274700000000001,4.66371 ; 4.6523,-1.8503,3.67411
XP ; 67023000 ; 267092444