Couche ; Neurone1 ; Neurone2 ; Neurone3 ; ...
W1 ; 4.51224,2.19174,2.94071 ; 4.94157,-2.54596,-2.1656 ; 1.98209,2.85685,-3.82495 ; 1.78443,-2.18073,-4.72007
W2 ; -1.75868,2.04013,0.58796,-2.34851 ; 3.59622,-3.82136,2.02668,0.23001 ; -3.6862,-0.76431,-0.35249,-4.69834
WF ; -4.15351,2.23713,-1.81002 ; -4.71157,-3.38004,-3.53709 ; 2.27518,2.31474,2.76614 ; -0.02644,-1.12121,-1.81201 ; -1.76285,-2.13037,4.12509
XP ; 66264000 ; 198667482