Couche ; Neurone1 ; Neurone2 ; Neurone3 ; ...
W1 ; 512130847.1786484,12973888.81500929,1369708.8239672587 ; -429455.32435546536,-217.3274685861455,2881.134642472544 ; 510156500.241378,12900490.81585766,1355610.9920634627 ; 512795643.9750105,12972290.941274745,1368469.6872990031
W2 ; -3763.048110929155,-0.57706,-3751.4718652558745,-3762.2599210591675 ; -638.6252474942942,-0.12009000000000002,-636.6328554118234,-642.163730424695 ; -3097.961350085727,3.49249,-3094.3650731731345,-3099.691395141942
WF ; -3.7390137372343544,-0.055948737298072974,-4.125779530462282 ; -2.088083452120073,2.201919101065744,4.126597134097649 ; -1.1896690945678572,-2.8734404655859356,-1.1402091300574448 ; -0.4648490945678582,-0.6425804655859361,-4.373999130057441 ; -1.024149094567857,0.6853795344140641,-2.4458091300574467
XP ; 66363000 ; 265095751