Couche ; Neurone1 ; Neurone2 ; Neurone3 ; ...
W1 ; -63168921.429002225,-19337839.37890499,-2446326.081076996 ; 161829521021961.7,43027876376910.305,3940693873059.453 ; 161829332854715.38,43027815605501.11,3940687628999.057 ; 161829947730662.38,43027979912076.9,3940702483748.391
W2 ; 3.7049521174668874,-2145911.999053093,-2145912.180567061,-2145914.9807148254 ; -1.2557357987344282,-3074278.9272451373,-3074275.1902223746,-3074282.0932863425 ; 0.3771605258741087,-248653.83620749667,-248661.27620343192,-248660.21573679495
WF ; -0.10892869457069793,1.99596276408657,4.026374020551236 ; -4.220660605112324,-1.779929633849758,3.070672965929623 ; -3.5579607201095214,4.800258248234455,-1.4345451061935202 ; 0.28873927989048076,-2.0980817517655463,-4.978465106193516 ; 4.006919279890483,2.631808248234454,0.7422948938064772
XP ; 11306880 ; 45214487