Couche ; Neurone1 ; Neurone2 ; Neurone3 ; ...
W1 ; 437219362449480.3,119682952385189.7,11013743914461.254 ; -75085560.63889351,-19977752.844607994,-1711840.8800506205 ; 437219928761746.94,119683107537424.02,11013758221273.21 ; 437219852684149.75,119683093479515.8,11013758724301.197
W2 ; -6110843.766418615,1.6387428773163095,-6110847.594083431,-6110845.756788333 ; -1119578.913705579,-4.999384693429955,-1119580.4037797248,-1119586.837655467 ; -1.6616659570947456,-1.2414763424619293,-1.8406520162066895,2.5830012200714143
WF ; -4.5839183612596806,-1.394104544369602,6.826168397668389 ; -3.600421624144268,-0.6776539117525326,2.936501957109494 ; 3.5135983584879154,-2.674499452320171,-2.2627182920675026 ; -4.645891641512086,-1.204229452320171,-3.6132682920674415 ; 4.642348358487915,0.3917705476798284,-10.651208292067722
XP ; 11306880 ; 33917663