Couche ; Neurone1 ; Neurone2 ; Neurone3 ; ...
W1 ; -1173569.0232752953,-198019.0542474841,-30192.013833305762 ; 511.4515825332014,-358.4266756077508,-21256.501315354868 ; -2672809.666770989,-532184.8029008452,-77057.71798409533 ; -1071236.2671749988,-265607.60427474056,-118625.7312876593
W2 ; 0.013852291135981284,0.14715698828763407,1.5503014533673203,1.554570365457911 ; -0.2798253446382296,-3.057360487092417,-0.7443064002435298,-2.41730702811988 ; 0.16045251586460063,-4.251194668682763,0.8816817431644104,-0.7302832097206268
WF ; 1.575703742929524,2.704007560135162,-0.22830483338478175 ; 0.5389508194510807,1.556008661228979,0.7687495118900878 ; -1.7476185187717725,-0.6390166088883329,0.7724666229662674 ; 6.57603148122881,4.429403391112408,-4.006703377033595 ; -2.504148518772329,-3.824396608889074,3.0167866229662335
XP ; 11306880 ; 40868924