Couche ; Neurone1 ; Neurone2 ; Neurone3 ; ...
W1 ; 3742187933789.7036,711219003214.1593,48951721846.431816 ; 3742205433246.139,711209483078.4714,48949894409.81697 ; 3742238054137.674,711228966619.7183,48952177403.97547 ; 3740064433572.073,710814877740.2529,48923541712.8939
W2 ; -107707.45905886122,-107697.28859549014,-107708.63864332122,-107676.58779251597 ; -492567.6301855299,-492569.1717639248,-492571.3973496616,-492428.437768389 ; 1.5244877878249132,-0.049699982509856105,0.2732786046004225,-0.07014865124293387
WF ; -4.668021210615046,3.8313860202685244,2.5538976954294563 ; -1.2420519117828797,0.04562276275315127,1.3330202969536857 ; 2.505159578811416,0.771956817593518,-1.3919901872264795 ; 1.8086395788114145,-2.3700431824064796,0.216619812773575 ; -1.5488604211885855,4.111106817593523,-8.435650187226766
XP ; 11306880 ; 22591359