Couche ; Neurone1 ; Neurone2 ; Neurone3 ; ...
W1 ; 3335254217904.147,831597770926.4792,50043463181.36259 ; 3335903228071.4194,831759071429.0825,50052597862.076355 ; -12578873.102762353,-4316231.512541656,-1195112.1281973368 ; -1909015.8492765254,-246267.02958749936,184668.49262840903
W2 ; 1.8483132615321973,-1.2244181851481448,-4.613980737027915,1.1666654727379209 ; -569298.6636436828,-569355.7364921857,1.4884461398003495,0.5191291955312484 ; -33906.12216700211,-33902.475529517855,-14.612766773253918,1.0591396916303473
WF ; 3.6782049452089143,2.7601320173773667,-0.7948249701521471 ; 1.8781828488855798,0.9491256082225096,-0.1948057059303766 ; -1.6771171593524932,-1.1850282227109592,2.0556791259730014 ; 0.19602284064747671,-1.1964882227109597,0.1697291259729738 ; -6.909727159352529,-2.810788222710962,0.5827891259729795
XP ; 11306880 ; 45100575