Couche ; Neurone1 ; Neurone2 ; Neurone3 ; ...
W1 ; 673101931186591.9,180269694589850.34,16597181900934.387 ; -294169509.7061915,-81340391.52954417,-7816802.471181735 ; -246416138.74487692,-64924502.5162318,-5841802.989923274 ; -530466371.4206364,-143420724.5063544,-13370880.279078472
W2 ; -81477.34141418933,-4.1193299999951325,2.090987882663144,-3.5002000000000004 ; -5012671.613004144,-1.0781900001546219,2.3400079641406677,1.9794500000000002 ; -5796141.953213748,4.286519999896346,0.6337366613449239,4.20723
WF ; 1.3713719281362853,-1.5830760646257767,-4.2244766380773795 ; -0.8295987373065538,-0.3694275110061678,-1.0568441004462021 ; 1.8283645081621696,1.2171428378535931,-1.4400966043966092 ; 0.6861945081621684,-3.037317162146406,-3.0507966043966093 ; 1.2323945081621699,4.6982428378535985,4.358863395603389
XP ; 11306880 ; 67740941